"","RegionName","RegionID","Zhvi","countyFips"
"1","Los Angeles",3101,560500,6037
"2","Cook",139,213400,17031
"3","Maricopa",2402,238800,4013
"4","San Diego",2841,532000,6073
"5","Orange",1286,676600,6059
"6","Kings",581,695100,36047
"7","Miami-Dade",2964,268500,12086
"8","Dallas",978,174300,48113
"9","Queens",1347,500100,36081
"10","Riverside",2832,336200,6065
"11","San Bernardino",3250,303800,6071
"12","Clark",445,219200,32003
"13","King",207,540400,53033
"14","Wayne",791,71100,26163
"15","Tarrant",2049,181500,48439
"16","Santa Clara",3136,1004400,6085
"17","Broward",1561,226100,12011
"18","New York",2452,1242200,36061
"19","Philadelphia",3175,135800,42101
"20","Alameda",1510,770400,6001
"21","Middlesex",2801,486400,25017
"22","Suffolk",2046,377600,36103
"23","Sacramento",3017,325800,6067
"24","Nassau",1252,497600,36059
"25","Palm Beach",2993,251700,12099
"26","Cuyahoga",2241,115200,39035
"27","Hillsborough",3165,194800,12057
"28","Allegheny",2614,138300,42003
"29","Oakland",1950,220300,26125
"30","Franklin",2288,150000,39049
"31","Hennepin",2339,252400,27053
"32","Orange",1287,207700,12095
"33","Fairfax",1694,520400,51059
"34","Contra Costa",3159,568400,6013
"35","Salt Lake",2840,257600,49035
"36","Travis",1440,307500,48453
"37","Saint Louis",3130,165700,29189
"38","Pima",281,179800,4019
"39","Montgomery",2975,434600,24031
"40","Honolulu",2347,658300,15003
"41","Westchester",3148,557000,36119
"42","Milwaukee",2804,112100,55079
"43","Fresno",1018,221400,6019
"44","Shelby",1388,110600,47157
"45","Fulton",1020,234400,13121
"46","Mecklenburg",3102,197900,37119
"47","Du Page",1682,276400,17043
"48","Fairfield",2694,404500,9001
"49","Pinellas",2480,192800,12103
"50","Bergen",874,453800,34003
"51","Marion",1165,112400,18097
"52","Wake",324,248900,37183
"53","Hartford",2337,213100,9003
"54","Duval",489,153200,12031
"55","Prince Georges",3246,279700,24033
"56","New Haven",2815,218000,9009
"57","Macomb",1155,155400,26099
"58","Kern",204,190800,6029
"59","Ventura",2061,556900,6111
"60","Middlesex",2802,302400,34023
"61","Gwinnett",2314,197000,13135
"62","San Francisco",3227,1167700,6075
"63","Baltimore",2626,232900,24005
"64","Hamilton",2322,132900,39061
"65","El Paso",1690,112200,48141
"66","Montgomery",2981,280800,42091
"67","Worcester",2879,254700,25027
"68","Pierce",1322,289400,53053
"69","Essex",504,350900,34013
"70","Collin",951,310900,48085
"71","Essex",503,398600,25009
"72","Jefferson",2742,152100,21111
"73","Multnomah",2810,389600,41051
"74","Suffolk",2045,502800,25025
"75","San Mateo",2842,1105500,6081
"76","Snohomish",2847,394600,53061
"77","Lake",220,232700,17097
"78","Dekalb",984,165100,13089
"79","Cobb",135,225300,13067
"80","San Joaquin",3134,308000,6077
"81","Will",330,204400,17197
"82","Jackson",1804,117200,29095
"83","Norfolk",1948,450500,25021
"84","Denton",988,264100,48121
"85","Bernalillo",2889,189000,35001
"86","Jefferson",2732,109500,1073
"87","Hudson",1106,374400,34017
"88","Monmouth",2441,392700,34025
"89","Davidson",2243,226100,47037
"90","Providence",3001,220900,44007
"91","Bucks",414,301600,42017
"92","El Paso",1689,251400,8041
"93","Baltimore City",3236,123200,24510
"94","Lee",80,222300,12071
"95","Kent",201,166200,26081
"96","Polk",285,156300,12105
"97","District of Columbia",3289,559300,11001
"98","Denver",989,376500,8031
"99","Ocean",659,275000,34029
"100","Arapahoe",2127,333800,8005
"101","Delaware",2251,190700,42045
"102","Bristol",1558,286900,25005
"103","Johnson",1822,236900,20091
"104","Brevard",1556,182800,12009
"105","Summit",1404,124100,39153
"106","New Castle",2986,221800,10003
"107","Anne Arundel",3152,336300,24003
"108","Montgomery",2980,95300,39113
"109","Jefferson",2734,384300,8059
"110","Washington",3069,375800,41067
"111","Lancaster",2776,190300,42071
"112","Douglas",1676,151500,31055
"113","Utah",322,255500,49049
"114","Kane",197,216600,17089
"115","Stanislaus",3033,267600,6099
"116","Camden",911,168000,34007
"117","Ramsey",1349,224900,27123
"118","Passaic",1964,301800,34031
"119","Chester",1611,329400,42029
"120","Sedgwick",2537,130400,20173
"121","Lake",221,126700,18089
"122","Plymouth",2482,356000,25023
"123","Volusia",2063,168900,12127
"124","Morris",1241,421700,34027
"125","Guilford",2312,134900,37081
"126","Dane",146,248200,55025
"127","Sonoma",1396,580600,6097
"128","Spokane",2033,197400,53063
"129","Richmond",2511,467400,36085
"130","Onondaga",2465,131100,36067
"131","Pasco",669,162600,12101
"132","Hampden",1746,187800,25013
"133","Greenville",2934,169000,45045
"134","Burlington",2896,217800,34005
"135","Tulare",1442,184800,6107
"136","Lucas",616,90500,39095
"137","Adams",353,287300,8001
"138","East Baton Rouge",3266,157900,22033
"139","Virginia Beach City",3286,255900,51810
"140","York",343,164700,42133
"141","Jefferson",2743,172100,22051
"142","Knox",215,158900,47093
"143","Genesee",1721,94200,26049
"144","Clark",448,304600,53011
"145","Santa Barbara",3229,559800,6083
"146","Seminole",2538,225200,12117
"147","Williamson",3081,239500,48491
"148","Washoe",1485,306300,32031
"149","Monterey",2444,502200,6053
"150","Solano",1395,385700,6095
"151","Mobile",1208,110900,1097
"152","Berks",385,168600,42011
"153","Cameron",1585,79800,48061
"154","Prince William",3247,345200,51153
"155","Hillsborough",3166,252700,33011
"156","Dakota",971,256700,27037
"157","Ada",66,217300,16001
"158","Waukesha",2596,261200,55133
"159","Richland",2507,131400,45079
"160","Pulaski",1981,122600,5119
"161","Sarasota",2528,250700,12115
"162","Clackamas",2661,382300,41005
"163","Pinal",685,178100,4021
"164","Stark",730,119500,39151
"165","Orange",1290,222800,36071
"166","Butler",904,157400,39017
"167","Mercer",1201,227700,34021
"168","Westmoreland",3200,128900,42129
"169","Saint Charles",3223,216100,29183
"170","Allen",367,114100,18003
"171","Lane",231,244400,41039
"172","Forsyth",1712,135800,37067
"173","Lehigh",1146,184800,42077
"174","Placer",1325,446000,6061
"175","Washtenaw",2869,248900,26161
"176","Orleans",1953,173700,22071
"177","Hamilton",2323,155900,47065
"178","Madison",1894,153000,1089
"179","Marion",1161,134800,12083
"180","Somerset",2552,395700,34035
"181","Manatee",1916,242500,12081
"182","Collier",1638,335100,12021
"183","Luzerne",1893,104900,42079
"184","Cumberland",2912,114300,37051
"185","Saint Louis City",3269,118900,29510
"186","Chesterfield",3158,218500,51041
"187","Marion",1171,230600,41047
"188","Loudoun",1887,471100,51107
"189","Rockland",2515,410700,36087
"190","Bell",98,119400,48027
"191","McHenry",1922,201800,17111
"192","Henrico",1771,214400,51087
"193","Davis",470,251800,49011
"194","Albany",823,217800,36001
"195","Lorain",1150,129300,39093
"196","Larimer",1849,339900,8069
"197","Northampton",3112,187800,42095
"198","Escambia",2259,136900,12033
"199","Dutchess",2255,253500,36027
"200","Lake",219,187900,12069
"201","Fayette",1701,162000,21067
"202","Winnebago",2877,99100,17201
"203","Rockingham",3013,306000,33015
"204","Boulder",1549,492600,8013
"205","Anchorage",2616,292800,2020
"206","Howard",1101,433700,24027
"207","Douglas",1670,445300,8035
"208","Lancaster",2775,157200,31109
"209","Spartanburg",3141,126000,45083
"210","Ingham",1110,125600,26065
"211","Erie",159,121500,42049
"212","Saint Lucie",3131,187200,12111
"213","Leon",232,167200,12073
"214","Greene",1057,118400,29077
"215","Hamilton",2318,226500,18057
"216","Atlantic",2133,181500,34001
"217","New London",2987,219400,9011
"218","Saint Clair",3122,94400,17163
"219","San Luis Obispo",3261,563100,6079
"220","Osceola",1957,182500,12097
"221","Dauphin",1650,151300,42043
"222","Durham",999,186900,37063
"223","Saint Joseph",2849,102600,18141
"224","Chatham",1608,156100,13051
"225","Ottawa",1300,185400,26139
"226","Rutherford",3016,194200,47149
"227","Lexington",2779,136600,45063
"228","Santa Cruz",3025,738600,6087
"229","Merced",1196,224000,6047
"230","Caddo",423,103800,22017
"231","Weld",329,270400,8123
"232","Marin",625,1042600,6041
"233","Thurston",2575,266200,53067
"234","Kalamazoo",2761,143300,26077
"235","Webb",328,120700,48479
"236","Brown",410,161000,55009
"237","Alachua",1509,163300,12001
"238","Hinds",562,79000,28049
"239","Harford",1761,259100,24025
"240","Yakima",1503,184400,53077
"241","Norfolk City",3173,177800,51710
"242","Mahoning",2399,77600,39099
"243","Buncombe",2156,245500,37021
"244","Washington",3061,267300,27163
"245","Cumberland",2914,184200,42041
"246","Oneida",1283,117600,36065
"247","Saint Tammany",3225,192000,22103
"248","Frederick",2699,288000,24021
"249","Weber",802,190100,49057
"250","Lake",225,139800,39085
"251","York",344,171800,45091
"252","Chesapeake City",3254,252600,51550
"253","Clay",126,149700,29047
"254","Butte",418,266500,6007
"255","Saratoga",2529,255000,36091
"256","Jefferson",2744,146700,29099
"257","Niagara",1946,125300,36063
"258","Barnstable",2885,378800,25001
"259","Lackawanna",2949,125300,42069
"260","Cherokee",2188,214100,13057
"261","Warren",1480,203400,39165
"262","Linn",235,132500,19113
"263","Yavapai",2112,265900,4025
"264","Trumbull",2583,83500,39155
"265","Dona Ana",2252,136900,35013
"266","Washington",3070,142900,42125
"267","Arlington",2619,646000,51013
"268","Gaston",1032,121600,37071
"269","Richmond City",3219,174200,51760
"270","Henry",553,153900,13151
"271","Jackson",1809,257600,41029
"272","Washington",3048,161500,5143
"273","New Hanover",3109,208900,37129
"274","Union",770,211700,37179
"275","Whatcom",2086,332200,53073
"276","Champaign",2648,135400,17019
"277","Yolo",340,395600,6113
"278","Broome",895,99300,36007
"279","Richmond",2509,81300,13245
"280","Saint Louis",3129,133700,27137
"281","Mohave",1210,181400,4015
"282","Saginaw",2010,77000,26145
"283","Elkhart",1691,127700,18039
"284","Sangamon",2526,123200,17167
"285","Clermont",2206,161200,39025
"286","Yuma",347,132900,4027
"287","Racine",1348,150800,55101
"288","Shelby",1381,188700,1117
"289","Brazos",890,187100,48041
"290","Tuscaloosa",3043,105000,1125
"291","Kanawha",1832,92100,54039
"292","Calcasieu",2644,162700,22019
"293","Clay",118,173400,12019
"294","Saint Johns",3128,285400,12109
"295","Litchfield",2955,226100,9005
"296","Muscogee",2448,91300,13215
"297","Canyon",913,151500,16027
"298","Anderson",2122,121800,45007
"299","Harrison",2333,102800,28047
"300","Peoria",1314,103200,17143
"301","Hawaii",1092,342000,15001
"302","Butler",905,200800,42019
"303","Williamson",3080,424000,47187
"304","Ulster",1448,192900,36111
"305","Baldwin",1525,203400,1003
"306","El Dorado",2691,418800,6017
"307","Livingston",2959,245700,26093
"308","Okaloosa",2460,197700,12091
"309","Newport News City",3278,172100,51700
"310","Vanderburgh",3146,106700,18163
"311","Hall",172,166000,13139
"312","Cabarrus",2159,169500,37025
"313","Shawnee",2023,103500,20177
"314","Berkeley",2141,175100,45015
"315","Onslow",1285,129800,37133
"316","Shasta",1380,232400,6089
"317","Outagamie",2820,156800,55087
"318","Forsyth",1711,292300,13117
"319","Benton",872,260700,53005
"320","Imperial",2354,190500,6025
"321","Tippecanoe",3041,133300,18157
"322","Hernando",2341,142900,12053
"323","Medina",1191,179900,39103
"324","Montgomery",2982,143200,47125
"325","Muskegon",2449,111100,26121
"326","Beaver",860,131700,42007
"327","Monroe",1225,137200,42089
"328","McLean",1186,142900,17113
"329","Johnston",2360,162800,37101
"330","Bay",67,182100,12005
"331","Carroll",1595,302800,24013
"332","Winnebago",2878,156200,55139
"333","Kenosha",1837,158400,55059
"334","Kent",202,215600,44003
"335","Middlesex",2800,256700,9007
"336","Porter",1330,169400,18127
"337","Saint Clair",3123,142000,26147
"338","Davidson",2242,120900,37057
"339","Boone",395,153300,29019
"340","Kent",199,176900,10001
"341","Beaufort",2138,290000,45013
"342","Greene",1061,153800,39057
"343","Portage",1975,150300,39133
"344","DeSoto",983,138300,28033
"345","Sumner",1407,198500,47165
"346","Rock",308,138000,55105
"347","Jackson",1802,119600,26075
"348","Aiken",365,98300,45003
"349","Charlotte",2650,206100,12015
"350","Kenton",1133,141100,21117
"351","Iredell",1789,155700,37097
"352","Rensselaer",3004,168400,36083
"353","Pueblo",1337,137900,8101
"354","Sarpy",704,184500,31153
"355","Hampshire",2714,257400,25015
"356","Deschutes",2679,344600,41017
"357","Wyandotte",2881,80600,20209
"358","Hays",178,219800,48209
"359","Cumberland",2913,139300,34011
"360","Sullivan",2569,122600,47163
"361","Berrien",1544,129100,26021
"362","Chittenden",2901,279200,50007
"363","Bibb",101,92800,13021
"364","Maui",250,607000,15009
"365","Schenectady",3137,157000,36093
"366","Catawba",1604,113000,37035
"367","Centre",930,223000,42027
"368","Kings",580,183100,6031
"369","Tolland",2054,215300,9013
"370","Monroe",1220,153000,26115
"371","Santa Rosa",3026,180200,12113
"372","Alamance",2117,134000,37001
"373","Johnson",1827,165400,48251
"374","Madera",1156,223200,6039
"375","Cass",113,226100,38017
"376","Franklin",2289,166100,42055
"377","Ellis",498,180500,48139
"378","Schuylkill",3028,74600,42107
"379","Yellowstone",3149,204600,30111
"380","Rock Island",3119,97100,17161
"381","Washington",3059,176000,24043
"382","Mesa",251,199800,8077
"383","Charles",1607,279500,24017
"384","Merrimack",2799,225900,33013
"385","Martin",1176,251100,12085
"386","Fairfield",2695,166000,39045
"387","Hendricks",2722,174200,18063
"388","Olmsted",1951,196200,27109
"389","Santa Fe",2527,295700,35049
"390","Paulding",2470,155700,13223
"391","Randolph",2495,123900,37151
"392","Citrus",938,139400,12017
"393","Alexandria City",3253,520500,51510
"394","Houston",1782,110600,13153
"395","Jackson",1805,110400,28059
"396","Johnson",1821,145000,18081
"397","Rowan",701,138000,37159
"398","Clark",446,99900,39023
"399","Washington",3074,230500,49053
"400","Indian River",3168,188400,12061
"401","Monroe",1218,162700,18105
"402","Hampton City",3164,158800,51650
"403","Florence",2266,118300,45041
"404","Midland",1930,191100,48329
"405","Dorchester",2923,183500,45035
"406","Napa",255,589500,6055
"407","Calhoun",1575,100600,26025
"408","Tazewell",2572,120300,17179
"409","Humboldt",2351,284600,6023
"410","Coconino",2207,329100,4005
"411","Orange",1289,272400,37135
"412","Lebanon",1854,161200,42075
"413","Douglas",1671,136800,13097
"414","Washington",3077,231100,55131
"415","Madison",1901,75400,18095
"416","Rapides",1992,148700,22079
"417","Sandoval",2524,172200,35043
"418","Cochise",1634,136200,4003
"419","Berkshire",2628,200000,25003
"420","Scott",711,285000,27139
"421","Stafford",2556,313400,51179
"422","Hunterdon",2729,372100,34019
"423","Livingston",2958,175800,22063
"424","Coweta",960,178000,13077
"425","Blair",387,115800,42013
"426","Washington",3071,340400,44009
"427","Sebastian",2844,111500,5131
"428","Wood",335,139300,39173
"429","Richland",2506,91700,39139
"430","Columbia",2213,171100,13073
"431","Strafford",2851,219700,33017
"432","Blount",884,149400,47009
"433","Washington",3072,131500,47179
"434","Spotsylvania",3193,232600,51177
"435","Oswego",1296,94000,36075
"436","Gregg",548,130700,48183
"437","Tangipahoa",3039,154300,22105
"438","Morgan",1229,116200,1103
"439","Boone",394,178700,21015
"440","Windham",2097,183800,9015
"441","Delaware",2247,80300,18035
"442","Jasper",1118,83300,29097
"443","Bossier",1548,167900,22015
"444","Parker",1308,219500,48367
"445","Skagit",1393,291200,53057
"446","Clarke",940,142500,13059
"447","Linn",238,202900,41043
"448","Mercer",1203,110400,42085
"449","Jefferson",2748,140100,36045
"450","Lycoming",2394,148100,42081
"451","Canadian",2173,152000,40017
"452","Kendall",1835,221600,17093
"453","Harnett",1762,158200,37085
"454","La Crosse",2767,155500,55063
"455","Wayne",797,138800,39169
"456","Wilson",1496,253700,47189
"457","La Salle",2371,101700,17099
"458","Warren",1474,166800,21227
"459","Kankakee",2363,123400,17091
"460","Faulkner",2260,137100,5045
"461","Terrebonne",3040,149700,22109
"462","Allegan",1513,160000,26005
"463","Douglas",1673,170500,20045
"464","Carroll",1590,121300,13045
"465","Clark",441,116100,18019
"466","Tom Green",2855,130400,48451
"467","Missoula",2434,246100,30063
"468","Lowndes",1889,121700,13185
"469","Comal",454,262400,48091
"470","Ontario",1952,149200,36069
"471","Vigo",323,76000,18167
"472","Bay",68,88900,26017
"473","Eaton",493,139700,26045
"474","Douglas",1678,169000,41019
"475","Sumter",1411,86900,45085
"476","Brunswick",2640,208500,37019
"477","Ascension",2623,212400,22005
"478","Saline",1362,142100,5125
"479","Henderson",2719,222100,37089
"480","Fayette",1697,258500,13113
"481","Allen",371,94700,39003
"482","Hardin",1079,134300,21093
"483","DeKalb",1657,155500,17037
"484","Saint Marys",3132,263500,24037
"485","Etowah",1007,100300,1055
"486","Bonneville",2892,143500,16019
"487","Kaufman",1833,178800,48257
"488","Whitfield",2872,117300,13313
"489","Cowlitz",1644,164800,53015
"490","Walworth",2592,187700,55127
"491","Fond du Lac",3092,137000,55039
"492","Tompkins",2578,207100,36109
"493","Houston",1781,127200,1069
"494","Franklin",2283,109700,29071
"495","Cecil",429,215900,24015
"496","Bartow",855,135300,13015
"497","Newton",1263,126900,13217
"498","Lenawee",1856,135400,26091
"499","Hanover",1758,250300,51085
"500","Putnam",1343,323000,36079
"501","Cass",112,161900,29037
"502","Yamhill",2110,270200,41071
"503","Steuben",2039,89300,36101
"504","Albemarle",2608,307200,51003
"505","Bradley",1554,129000,47011
"506","Highlands",2724,114300,12055
"507","Nevada",1261,415800,6057
"508","Eau Claire",2924,161000,55035
"509","Wicomico",2598,134600,24045
"510","Madison",1911,92000,47113
"511","Fairbanks North Star",3290,217400,2090
"512","Cape May",2174,347500,34009
"513","Roanoke City",3184,110000,51770
"514","Craighead",2674,124400,5031
"515","Lafourche",2774,143200,22057
"516","Floyd",512,116800,13115
"517","Garland",1718,135200,5051
"518","Nash",256,120700,37127
"519","Flagler",1707,199900,12035
"520","Portsmouth City",3260,141000,51740
"521","Madison",1905,187300,28089
"522","Sutter",1415,258900,6101
"523","Dougherty",2686,77600,13095
"524","Northumberland",3244,93800,42097
"525","Wayne",796,120200,36117
"526","Sumter",1409,239700,12119
"527","Geauga",1033,229900,39055
"528","Pottawattamie",3216,126100,19155
"529","Lauderdale",2952,114900,1077
"530","Tuscarawas",3044,117300,39157
"531","Orangeburg",2991,82500,45075
"532","Roanoke",1998,170900,51161
"533","Laramie",1848,202800,56021
"534","Lawrence",2386,89200,42073
"535","Carver",924,298300,27019
"536","Burke",416,110400,37023
"537","Campbell",2168,143900,21037
"538","Sevier",1376,175400,47155
"539","Grant",542,134200,53025
"540","Grafton",1729,182500,33009
"541","Indiana",1788,114100,42063
"542","Chemung",1610,87700,36015
"543","Calvert",1581,301500,24009
"544","Mendocino",2796,375000,6045
"545","Ozaukee",1961,268800,55089
"546","Hunt",185,90900,48231
"547","Benton",870,318200,41003
"548","Rockdale",2514,137200,13247
"549","Suffolk City",3194,225200,51800
"550","Walton",1469,156300,13297
"551","Midland",1929,126700,26111
"552","Saint Clair",3121,156600,1115
"553","Saint Landry",3187,121300,22097
"554","Lee",85,120900,28081
"555","Newport",1945,377100,44005
"556","Howard",1100,86300,18067
"557","Josephine",2760,238000,41033
"558","Clinton",1630,117300,36019
"559","Manitowoc",2783,110700,55071
"560","Cascade",1602,158400,30013
"561","Burleigh",2157,262300,38015
"562","Wilson",1495,124300,37195
"563","Maury",632,158200,47119
"564","Cattaraugus",3088,78300,36009
"565","Cayuga",929,121700,36011
"566","Glynn",525,184500,13127
"567","Scioto",1370,74700,39145
"568","Henderson",2721,145400,48213
"569","Island",1112,337700,53029
"570","Rockwall",2516,256900,48397
"571","Frederick",2700,234600,51069
"572","Lincoln",1875,137600,37109
"573","Franklin",2294,186900,53021
"574","Somerset",2553,100800,42111
"575","Kosciusko",2766,141300,18085
"576","Twin Falls",3045,153400,16083
"577","Cheshire",2195,180300,33005
"578","Erie",158,129600,39043
"579","Bartholomew",3084,134500,18005
"580","Lancaster",2777,145200,45057
"581","Valencia",2586,121800,35061
"582","Van Buren",2860,129500,26159
"583","Cole",137,126200,29051
"584","Umatilla",2585,159200,41059
"585","Cape Girardeau",3237,148300,29031
"586","Lynchburg City",3243,128100,51680
"587","Lewis",601,183600,53041
"588","Natrona",1941,183700,56025
"589","Polk",292,248700,41053
"590","Coryell",1643,91700,48099
"591","Clinton",1628,168600,26037
"592","Anderson",2123,116800,47001
"593","Allegany",2118,75300,24001
"594","Forrest",1710,109700,28035
"595","Hancock",1755,127700,39063
"596","Floyd",514,158900,18043
"597","Putnam",1338,111900,12107
"598","Oconee",1276,144900,45073
"599","Augusta",1523,208600,51015
"600","Nassau",1251,241400,12089
"601","Iberia",1109,96100,22045
"602","Monroe",1214,550500,12087
"603","Grays Harbor",3163,147400,53027
"604","Chelan",932,271400,53007
"605","Putnam",1345,139600,47141
"606","Yuba",346,234600,6115
"607","McKinley",2428,124700,35031
"608","Clallam",1619,243000,53009
"609","Franklin",2281,200900,25011
"610","Shiawassee",3031,108000,26155
"611","Belmont",1540,91900,39013
"612","Bulloch",1566,133300,13031
"613","Grant",531,68500,18053
"614","Hancock",1751,149800,18059
"615","Creek",460,109300,40037
"616","Pottawatomie",3178,98600,40125
"617","Barrow",852,148700,13013
"618","Armstrong",2620,100400,42005
"619","Wayne",789,77500,18177
"620","Morgan",1233,136800,18109
"621","Greene",1063,93300,47059
"622","Walker",1465,95500,13295
"623","Darlington",2917,84200,45031
"624","Bedford",1538,171700,51019
"625","Jones",574,105700,28067
"626","Columbia",2212,124500,12023
"627","Columbia",2216,126400,42037
"628","Kauai",578,504500,15007
"629","Walker",1464,88800,1127
"630","James City",2942,302600,51095
"631","Laurens",1852,113600,45059
"632","Marion",1170,89500,39101
"633","Carteret",2179,245700,37031
"634","Klamath",1842,156200,41035
"635","Robertson",2834,171300,47147
"636","Dallas",976,209500,19049
"637","Salem",702,148200,34033
"638","Warren",1479,201100,36113
"639","York",345,295200,51199
"640","Livingston",2961,125400,36051
"641","Carbon",915,137500,42025
"642","Fauquier",2261,351800,51061
"643","Nacogdoches",3108,116800,48347
"644","Rice",304,202600,27131
"645","Spalding",2554,91500,13255
"646","Blue Earth",2891,178800,27013
"647","Catoosa",1605,127600,13047
"648","Pittsylvania",3176,122500,51143
"649","Chatham",1609,260500,37037
"650","Tehama",1426,177900,6103
"651","Liberty",1859,106700,13179
"652","Montcalm",2443,103400,26117
"653","Washington",3066,127500,36115
"654","Columbia",2214,218500,36021
"655","Coos",142,182800,41011
"656","Bradford",2149,131100,42015
"657","Hamblen",1745,108700,47063
"658","Otsego",1298,122200,36077
"659","Sauk",314,175800,55111
"660","Crawford",2226,108800,5033
"661","Ward",325,207600,38101
"662","Saint Joseph",3186,116200,26149
"663","Tipton",1435,128200,47167
"664","Starr",731,81700,48427
"665","Sandusky",2525,111800,39143
"666","Mason",630,237200,53045
"667","Franklin",2285,138100,37069
"668","Stanly",1397,128300,37167
"669","Jackson",1795,177600,13157
"670","Oldham",1279,272000,21185
"671","Georgetown",2928,213000,45043
"672","Belknap",1539,210200,33001
"673","Genesee",1722,113400,36037
"674","Granville",2708,144900,37077
"675","Lowndes",1890,118500,28087
"676","Warrick",2070,149300,18173
"677","Barry",382,148600,26015
"678","Haywood",1769,147500,37087
"679","Clay",125,176000,27027
"680","Walla Walla",3147,221100,53071
"681","Hall",173,148400,31079
"682","Tooele",1436,194100,49045
"683","Lee",86,123400,37105
"684","Carter",923,114200,47019
"685","Columbia",2218,177500,55021
"686","Hawkins",1768,119000,47073
"687","Windsor",2099,199700,50027
"688","Boone",393,195400,18011
"689","Garfield",2300,358600,8045
"690","Franklin",2292,181600,51067
"691","Cumberland",2915,89800,47035
"692","Broomfield",2894,388800,8014
"693","Pearl River",3115,129000,28109
"694","Tuscola",2058,90500,26157
"695","Pickaway",2479,154000,39129
"696","Lamar",589,149600,28073
"697","Saline",1364,104700,20169
"698","Fulton",1024,115800,36035
"699","Kenai Peninsula",3257,215700,2122
"700","Carson City",3087,264000,32510
"701","San Benito",3020,492900,6069
"702","Gordon",1044,122900,13129
"703","Walton",1468,317900,12131
"704","Venango",2060,76100,42121
"705","Washington",3075,139500,51191
"706","Campbell",2171,150800,51031
"707","Autauga",1524,133500,1001
"708","Maverick",2417,109300,48323
"709","Roane",696,131300,47145
"710","Boone",392,149500,17007
"711","Henry",561,79700,51089
"712","Coles",453,85800,17029
"713","Gila",164,184300,4007
"714","Rusk",312,111100,48401
"715","Darke",467,105300,39037
"716","Knox",208,71400,17095
"717","Coffee",947,130800,47031
"718","Saint Charles",3222,200400,22089
"719","Johnson",1824,143000,29101
"720","Van Zandt",2862,124300,48467
"721","Lincoln",1872,165900,29113
"722","Grady",527,123800,40051
"723","Vernon",1457,140500,22115
"724","Cass",110,118800,26027
"725","Pulaski",1986,135100,29169
"726","McMinn",1190,127800,47107
"727","Effingham",2689,166000,13103
"728","Pender",1313,215500,37141
"729","Eagle",491,661200,8037
"730","Lyon",249,208700,32019
"731","Winona",1498,143600,27169
"732","Worcester",2880,215000,24047
"733","Jefferson",2753,138400,47089
"734","La Plata",2369,341600,8067
"735","Grant",543,128000,55043
"736","Hood",184,194500,48221
"737","Tioga",748,111300,36107
"738","Washington",3068,98200,40147
"739","Camden",908,154500,13039
"740","Henry",555,107100,17073
"741","Chenango",2186,85800,36017
"742","Montgomery",2979,99200,36057
"743","Dearborn",2244,153600,18029
"744","Bristol",1559,323200,44001
"745","Jackson",1794,84800,12063
"746","Gibson",1038,64000,47053
"747","Dickson",1668,139100,47043
"748","Boyd",103,96700,21019
"749","Henry",556,74900,18065
"750","Shelby",1387,126700,39149
"751","Columbia",2215,247500,41009
"752","Cortland",2224,106100,36023
"753","Franklin",2279,129600,21073
"754","Calumet",1580,146500,55015
"755","Harrisonburg City",3273,173500,51660
"756","Elko",156,224400,32007
"757","Warren",1476,119900,28149
"758","Jessamine",2758,137000,21113
"759","Loudon",1151,152200,47105
"760","Laurens",1851,91500,13175
"761","Carroll",1598,217800,33003
"762","Queen Annes",3118,309400,24035
"763","Macoupin",2396,78400,17117
"764","Franklin",2293,213900,50011
"765","Oktibbeha",2818,177300,28105
"766","Carter",922,94800,40019
"767","Noble",654,114500,18113
"768","Santa Cruz",3024,131900,4023
"769","Stokes",1401,125600,37169
"770","Lafayette",2772,176500,28071
"771","Scott",710,179000,21209
"772","Washington",3058,108800,22117
"773","Marshall",2408,125300,18099
"774","Douglas",1677,368700,32005
"775","Cherokee",2192,103200,40021
"776","Hoke",181,149200,37093
"777","Hopkins",1779,98000,21107
"778","Lincoln",1869,181000,22061
"779","Culpeper",2240,276200,51047
"780","Hillsdale",2725,119900,26059
"781","Warren",1471,172500,19181
"782","Lawrence",2381,83700,18093
"783","Medina",1192,166700,48325
"784","Perry",682,150600,42099
"785","Saint John the Baptist",3285,123100,22095
"786","Huntingdon",2938,117700,42061
"787","Pittsburg",2827,92500,40121
"788","Calaveras",2643,279300,6009
"789","Colquitt",2210,88700,13071
"790","Vance",781,93000,37181
"791","Polk",294,128900,48373
"792","Branch",889,106200,26023
"793","Jefferson",2752,89500,42065
"794","Phelps",1317,115600,29161
"795","Bedford",1537,144900,47003
"796","Siskiyou",2548,183500,6093
"797","Brown",407,113700,39015
"798","Thomas",1430,108600,13275
"799","Monroe",1226,128600,47123
"800","Shelby",1384,110000,18145
"801","Polk",295,166700,55095
"802","Hancock",1754,131100,28045
"803","Crawford",2234,69900,39033
"804","Sullivan",2566,164400,33019
"805","Highland",2343,96400,39071
"806","Stevens",2042,172800,53065
"807","Madison",1910,148500,39097
"808","Waller",1467,197100,48473
"809","Habersham",2713,131200,13137
"810","Wilson",1497,217600,48493
"811","Orleans",1954,92000,36073
"812","Mecosta",1926,101400,26107
"813","Burnet",897,195600,48053
"814","Muscatine",2811,135300,19139
"815","Bryan",413,113900,40013
"816","Jackson",1798,111000,18071
"817","Coffee",946,91500,13069
"818","Kandiyohi",2762,163800,27067
"819","De Kalb",1658,117600,18033
"820","Greene",1052,104300,5055
"821","Shelby",1385,180400,21211
"822","Avoyelles",2625,117200,22009
"823","Tioga",749,122500,42117
"824","Dubois",997,141900,18037
"825","Lawrence",2388,93100,47099
"826","Logan",612,132000,40083
"827","Delaware",2250,137500,40041
"828","Polk",286,85400,13233
"829","Ottawa",1301,137900,39123
"830","Wharton",2085,123700,48481
"831","Montrose",2445,211500,8085
"832","Mayes",633,117700,40097
"833","Webster",2079,104300,22119
"834","Okanogan",2461,159100,53047
"835","Franklin",2290,132200,47051
"836","Jim Wells",2759,84000,48249
"837","Levy",234,129500,12075
"838","Campbell",2170,106700,47013
"839","Howell",1105,116800,29091
"840","Fremont",1716,175300,56013
"841","Tift",318,126400,13277
"842","Okeechobee",2990,120800,12093
"843","Warren",1482,84300,47177
"844","Snyder",1394,157400,42109
"845","Natchitoches",3172,135800,22069
"846","Essex",505,166400,36031
"847","Harrison",2330,129900,18061
"848","Nez Perce",2816,182000,16069
"849","Clinton",1632,142700,42035
"850","Mower",652,95800,27099
"851","Hendry",1093,114900,12051
"852","Cheatham",2185,167500,47021
"853","Defiance",2245,112600,39039
"854","Cass",109,72100,18017
"855","Knox",209,73700,18083
"856","Douglas",1680,284300,53017
"857","Fayette",1704,167600,47047
"858","Dyer",153,77300,47045
"859","Montgomery",2972,106800,18107
"860","Brown",409,81200,48049
"861","Amador",829,267800,6005
"862","Putnam",1341,118200,18133
"863","Talbot",1418,281700,24041
"864","Covington",2672,93700,1039
"865","Williams",2600,94400,39171
"866","Madison",1899,173900,16065
"867","Graham",1047,141200,4009
"868","Alexander",2610,132800,37003
"869","Marshall",2412,79500,28093
"870","Lagrange",2374,135800,18087
"871","Huntington",2939,88500,18069
"872","Alcorn",826,100600,28003
"873","Monroe",1222,79500,28095
"874","Boone",390,113800,5009
"875","Miami",639,77400,18103
"876","Gloucester",2930,211000,51073
"877","Finney",1013,138600,20055
"878","Matagorda",2787,135100,48321
"879","Independence",3167,98100,5063
"880","Steele",1399,158300,27147
"881","Ware",327,70900,13299
"882","Lincoln",1876,146000,31111
"883","Halifax",1744,90700,51083
"884","Saint Bernard",3221,146600,22087
"885","Jasper",1121,86900,48241
"886","Cocke",452,73700,47029
"887","Beauregard",2886,136300,22011
"888","Laclede",1846,111800,29105
"889","Morgan",1232,85200,17137
"890","Seneca",1373,106700,36099
"891","Hill",180,82900,48217
"892","Weakley",2075,77200,47183
"893","Howard",1104,94300,48227
"894","Clarendon",2665,109500,45027
"895","Lassen",1143,158200,6035
"896","Madison",1908,159500,31119
"897","Lincoln",1873,110300,28085
"898","De Soto",1659,115700,12027
"899","Panola",1306,94500,28107
"900","McClain",1921,159800,40087
"901","Adams",357,102700,18001
"902","Lincoln",1879,101700,40081
"903","Effingham",2690,124500,17049
"904","Steuben",2038,155000,18151
"905","Bolivar",1547,120800,28011
"906","Washington",3073,160700,48477
"907","Gibson",1037,101400,18051
"908","Orange",1292,193700,51137
"909","Jasper",1117,148500,18073
"910","Iberville",2730,121700,22047
"911","Lincoln",1882,97500,47103
"912","Whitley",2091,129300,18183
"913","Clinton",1626,93600,18023
"914","Greene",1056,74500,18055
"915","Botetourt",2634,173900,51023
"916","Caroline",2177,171500,24011
"917","Coos",141,116200,33007
"918","Monroe",1217,107900,17133
"919","Wabash",1462,86000,18169
"920","Miami",640,182300,20121
"921","Schoharie",2843,116500,36095
"922","Emmet",501,193800,26047
"923","Dorchester",2922,129800,24019
"924","McDonough",2792,75900,17109
"925","Jefferson",2740,110500,18077
"926","Amherst",1514,146600,51009
"927","Henry",560,94600,47079
"928","Claiborne",2664,92000,47025
"929","Smyth",726,98500,51173
"930","Bee",69,98500,48025
"931","Rhea",302,122500,47143
"932","Obion",658,69900,47131
"933","Daviess",1651,108400,18027
"934","Marshall",2410,125700,21157
"935","Juneau",1127,319000,2110
"936","Polk",289,131700,29167
"937","Delta",472,179200,8029
"938","Wakulla",2066,145000,12129
"939","Marshall",2415,118400,47117
"940","Wayne",786,107600,13305
"941","Garrett",1720,139900,24023
"942","Lumpkin",1892,202200,13187
"943","Pontotoc",2484,98000,28115
"944","Jefferson",2755,323100,53031
"945","Iroquois",2355,89600,17075
"946","Neshoba",1943,109700,28099
"947","Grant",538,130700,35017
"948","Giles",522,99000,47055
"949","Copiah",956,84700,28029
"950","Pickens",1971,161300,13227
"951","Wythe",815,122900,51197
"952","Fayette",1702,115400,39047
"953","Tate",317,117700,28137
"954","Ripley",1356,113600,18137
"955","Haralson",2326,98600,13143
"956","Van Wert",2587,91600,39161
"957","Mason",628,116700,26105
"958","Bell",97,79800,21013
"959","Jones",572,113000,13169
"960","Meade",635,116900,21163
"961","Caroline",2178,180200,51033
"962","Jennings",2358,103100,18079
"963","Carroll",1600,61100,47017
"964","Austin",844,169600,48015
"965","Lee",81,142100,13177
"966","Gilmer",1039,181300,13123
"967","Scott",713,120000,28123
"968","Washington",3055,94200,18175
"969","Marion",1173,116200,47115
"970","Yazoo",818,84800,28163
"971","Decatur",1662,95600,13087
"972","Henderson",2720,88100,47077
"973","Peach",671,121700,13225
"974","Wells",803,115600,18179
"975","Morton",1246,210300,38059
"976","Cherokee",2191,139400,37039
"977","Upson",779,64700,13293
"978","White",806,145500,13311
"979","Union",769,154300,28145
"980","Marion",1169,107300,28091
"981","Clay",122,92300,18021
"982","De Soto",1660,114200,22031
"983","Oceana",1274,90800,26127
"984","Jackson",1808,68700,40065
"985","Uvalde",1453,109300,48463
"986","San Jacinto",3133,129400,48407
"987","Randolph",2493,62500,18135
"988","Coahoma",1633,71300,28027
"989","McNairy",1924,74600,47109
"990","Hardin",1081,74100,47071
"991","Chattooga",2652,76000,13055
"992","Posey",688,121500,18129
"993","Iosco",568,85800,26069
"994","White",809,105500,47185
"995","Decatur",1664,110100,18031
"996","Fluvanna",2268,203400,51065
"997","Montezuma",2807,207500,8083
"998","Audrain",1521,95500,29007
"999","Randolph",2494,84900,29175
"1000","Prentiss",2487,71100,28117
"1001","Tillamook",2854,299100,41057
"1002","Crawford",2233,112200,29055
"1003","Hickman",1773,118700,47081
"1004","Fayette",1705,165800,48149
"1005","Taylor",1422,105100,21217
"1006","Fredericksburg City",3283,313500,51630
"1007","Fayette",1700,61700,18041
"1008","Stark",729,201000,38089
"1009","Scott",708,89500,18143
"1010","Panola",1307,130200,48365
"1011","West Baton Rouge",3271,190600,22121
"1012","Staunton City",3230,143600,51790
"1013","Houston",1785,91800,48225
"1014","Butts",421,86900,13035
"1015","King George",3097,255700,51099
"1016","Currituck",2677,250700,37053
"1017","Routt",699,412900,8107
"1018","Assumption",2884,135400,22007
"1019","Itawamba",2357,100600,28057
"1020","Starke",1398,94600,18149
"1021","Teller",1427,245000,8119
"1022","Aransas",1517,191200,48007
"1023","Franklin",2277,123200,18047
"1024","Elbert",1001,445100,8039
"1025","Plaquemines",3117,255300,22075
"1026","Union",768,131400,22111
"1027","Logan",605,126100,8075
"1028","Grainger",2308,130700,47057
"1029","George",1036,127400,28039
"1030","Fairfax City",3162,496600,51600
"1031","Jerome",1123,134900,16053
"1032","Hood River",2936,413600,41027
"1033","Macon",623,100900,47111
"1034","Tippah",1433,100500,28139
"1035","Hutchinson",2941,74900,48233
"1036","Willacy",2096,60200,48489
"1037","Franklin",2273,118400,13119
"1038","Meriwether",2963,67300,13199
"1039","Grenada",1739,95500,28043
"1040","McDuffie",2423,72800,13189
"1041","Newton",1266,102200,28101
"1042","Goochland",2707,315200,51075
"1043","Owen",264,94300,18119
"1044","Sullivan",2564,64500,18153
"1045","Calhoun",1578,124500,48057
"1046","Union",763,179000,13291
"1047","Jay",75,71800,18075
"1048","Stutsman",2562,163100,38093
"1049","Waynesboro City",3262,149200,51820
"1050","Crook",462,229700,41013
"1051","Spencer",2031,109100,18147
"1052","Fulton",1022,91700,18049
"1053","Concordia",2670,110800,22029
"1054","Franklin",2280,78300,22041
"1055","Richland",2503,81400,22083
"1056","Clay",127,83100,28025
"1057","East Feliciana",3239,143100,22037
"1058","McIntosh",2426,113100,40091
"1059","Washington",3065,173300,31177
"1060","Kent",200,193900,24029
"1061","Elbert",1002,79800,13105
"1062","Carroll",1593,108300,18015
"1063","De Witt",1661,94600,48123
"1064","Dodge",483,190900,27039
"1065","Plumas",1329,219200,6063
"1066","Orange",1288,76800,18117
"1067","Freestone",2701,97300,48161
"1068","Dickinson",2682,96300,20041
"1069","Pickens",1970,108500,1107
"1070","Lampasas",2376,149100,48281
"1071","Tishomingo",3042,98600,28141
"1072","Perry",677,99800,18123
"1073","Llano",603,216600,48299
"1074","Lavaca",1145,86600,48285
"1075","Smith",724,126200,47159
"1076","Union",778,120200,47173
"1077","Perry",679,117200,29157
"1078","Otero",663,70400,8089
"1079","Adams",363,140300,53001
"1080","Dekalb",986,125400,47041
"1081","Young",819,92500,48503
"1082","Inyo",188,299600,6027
"1083","Humphreys",2728,97000,47085
"1084","New Kent",2451,244000,51127
"1085","Mariposa",2403,253200,6043
"1086","Fentress",2262,106300,47049
"1087","Pike",273,132600,13231
"1088","Morgan",1231,212300,13211
"1089","Falls",509,76700,48145
"1090","Chaffee",1606,341900,8015
"1091","Stone",734,123000,28131
"1092","Chickasaw",2655,69900,28017
"1093","Rush",310,88200,18139
"1094","Parke",668,81800,18121
"1095","Fountain",2269,76700,18045
"1096","Frio",162,96500,48163
"1097","Claiborne",2662,90300,22027
"1098","Jasper",1119,97300,28061
"1099","Gilchrist",2704,142600,12041
"1100","Dallas",977,118800,29059
"1101","Clarke",942,80400,28023
"1102","Gem",73,178000,16045
"1103","Robertson",2835,73600,48395
"1104","Dewitt",990,79300,17039
"1105","Dukes",487,726100,25007
"1106","Smith",723,98200,28129
"1107","Benton",871,74600,47005
"1108","Jackson",1801,108700,22049
"1109","Vermillion",3046,66800,18165
"1110","Park",268,256500,8093
"1111","Bamberg",1528,72600,45009
"1112","Tipton",1434,107600,18159
"1113","Carbon",917,149000,56007
"1114","Gulf",169,160100,12045
"1115","San Juan",2522,444300,53055
"1116","West Feliciana",3252,236100,22125
"1117","Burnett",1568,149700,55013
"1118","Walthall",2590,104700,28147
"1119","Winn",331,85000,22127
"1120","Brown",403,178500,18013
"1121","Nolan",657,77100,48353
"1122","Livingston",2960,90900,29117
"1123","Cleburne",2204,113400,1029
"1124","Oglethorpe",2989,133800,13221
"1125","La Salle",2372,79200,22059
"1126","Grand",528,265100,8049
"1127","Macon",619,66700,13193
"1128","Greene",1058,107200,28041
"1129","Bienville",2629,95100,22013
"1130","Manassas Park City",3282,267000,51685
"1131","Newton",1264,113400,18111
"1132","Comanche",2222,73900,48093
"1133","Jasper",1114,102900,13159
"1134","Cannon",912,131300,47015
"1135","Moffat",1209,155600,8081
"1136","Kodiak Island",3211,274300,2150
"1137","Callahan",2165,118900,48059
"1138","Wilbarger",2873,84200,48487
"1139","Ketchikan Gateway",3274,232300,2130
"1140","Pulaski",1984,85500,18131
"1141","Lawrence",2384,92800,28077
"1142","Red River",2831,134300,48387
"1143","Pike",275,68300,18125
"1144","Blackford",2631,60100,18009
"1145","Yalobusha",2882,79400,28161
"1146","Millard",1932,248600,49027
"1147","Jefferson Davis",3256,89200,28065
"1148","Camp",106,114900,48063
"1149","Falls Church City",3272,694100,51610
"1150","Perry",680,108200,28111
"1151","Edmonson",2257,112900,21061
"1152","Madison",1903,116000,22065
"1153","Zavala",1507,65600,48507
"1154","West Carroll",3199,85400,22123
"1155","Ramsey",1350,83400,38071
"1156","Sanders",2014,117500,30089
"1157","Saint Helena",3185,133700,22091
"1158","Latimer",1850,82800,40077
"1159","Early",492,83000,13099
"1160","Boundary",2147,217600,16021
"1161","Sabine",1361,274900,48403
"1162","Crawford",2230,73900,18025
"1163","Ward",326,101000,48475
"1164","Switzerland",3144,95700,18155
"1165","Franklin",2291,144300,48159
"1166","Runnels",2004,92500,48399
"1167","Catahoula",2647,84200,22025
"1168","Martin",1177,72900,18101
"1169","Webster",2081,87300,28155
"1170","Nantucket",2813,1383900,25019
"1171","Teton",743,351600,16081
"1172","Caldwell",2161,81100,22021
"1173","Metcalfe",2432,85900,21169
"1174","Brown",404,72700,20013
"1175","Alger",366,141900,26003
"1176","Mitchell",2439,78100,48335
"1177","Humphreys",2727,68400,28053
"1178","Benewah",1541,162600,16009
"1179","Wilcox",1490,87000,13315
"1180","Beaverhead",2887,139800,30001
"1181","Red River",2830,93500,22081
"1182","Clear Creek",3091,290800,8019
"1183","McLean",1188,120000,38055
"1184","Benton",866,72500,18007
"1185","Clearwater",2903,205100,16035
"1186","Benton",869,76500,28009
"1187","Hamilton",2324,92400,48193
"1188","Warren",1473,83000,18171
"1189","Richardson",3005,68200,31147
"1190","Trousdale",2856,141200,47169
"1191","Madison",1906,223600,30057
"1192","Union",766,89300,18161
"1193","Harney",1086,103200,41025
"1194","Brooks",894,65700,48047
"1195","Goliad",1043,117500,48175
"1196","Boise",389,155200,16015
"1197","Cumberland",2910,94500,21057
"1198","Jefferson",2750,52100,40067
"1199","Grant",535,105600,27051
"1200","Haskell",1766,68200,48207
"1201","McHenry",1923,99000,38049
"1202","Dickey",991,79300,38021
"1203","Big Stone",2630,86600,27011
"1204","Tensas",1428,137700,22107
"1205","Delta",474,66100,48119
"1206","Johnson",1825,97100,31097
"1207","Craig",458,97800,51045
"1208","Schley",1369,133900,13249
"1209","Lewis",596,166700,16061
"1210","Traverse",2580,65600,27155
"1211","Emmons",1005,137900,38029
"1212","Adams",359,86000,38001
"1213","Wheeler",2089,144400,41069
